INDEX,TECHNIQUE,TECHNIQUE NAME,TACTICS,PLATFORMS,DATASOURCES,ADVERSARIES,MALWARE,TOOLS
1,T1001,Data Obfuscation,1,3,1,0,6,0
2,T1001.001,Junk Data,1,3,1,1,13,0
3,T1001.002,Steganography,1,3,1,2,8,1
4,T1001.003,Protocol Impersonation,1,3,1,2,11,0
5,T1003,OS Credential Dumping,1,3,9,9,6,0
6,T1003.001,LSASS Memory,1,1,4,32,13,10
7,T1003.002,Security Account Manager,1,1,3,6,8,7
8,T1003.003,NTDS,1,1,2,11,0,4
9,T1003.004,LSA Secrets,1,1,2,8,2,7
10,T1003.005,Cached Domain Credentials,1,1,1,4,1,3
11,T1003.006,DCSync,1,1,3,4,0,1
12,T1003.007,Proc Filesystem,1,1,2,0,0,2
13,T1003.008,/etc/passwd and /etc/shadow,1,1,2,0,0,1
14,T1005,Data from Local System,1,4,5,32,121,9
15,T1006,Direct Volume Access,1,1,2,0,0,0
16,T1007,System Service Discovery,1,3,3,13,39,4
17,T1008,Fallback Channels,1,3,2,4,43,1
18,T1010,Application Window Discovery,1,3,3,2,26,1
19,T1011,Exfiltration Over Other Network Medium,1,3,5,0,0,0
20,T1011.001,Exfiltration Over Bluetooth,1,3,5,0,1,0
21,T1012,Query Registry,1,1,4,12,80,4
22,T1014,Rootkit,1,3,3,5,19,1
23,T1016,System Network Configuration Discovery,1,4,4,33,172,17
24,T1016.001,Internet Connection Discovery,1,3,2,5,7,0
25,T1018,Remote System Discovery,1,4,4,27,34,10
26,T1020,Automated Exfiltration,1,4,6,4,14,2
27,T1020.001,Traffic Duplication,1,1,2,0,0,0
28,T1021,Remote Services,1,3,7,0,3,0
29,T1021.001,Remote Desktop Protocol,1,1,4,27,12,4
30,T1021.002,SMB/Windows Admin Shares,1,1,5,19,20,2
31,T1021.003,Distributed Component Object Model,1,1,3,0,1,2
32,T1021.004,SSH,1,2,3,12,2,1
33,T1021.005,VNC,1,3,3,4,6,0
34,T1021.006,Windows Remote Management,1,1,5,5,1,1
35,T1025,Data from Removable Media,1,3,2,3,19,0
36,T1027,Obfuscated Files or Information,1,3,6,66,242,12
37,T1027.001,Binary Padding,1,3,1,10,23,0
38,T1027.002,Software Packing,1,3,1,19,61,2
39,T1027.003,Steganography,1,3,1,8,17,1
40,T1027.004,Compile After Delivery,1,3,4,3,4,0
41,T1027.005,Indicator Removal from Tools,1,3,1,7,8,1
42,T1027.006,HTML Smuggling,1,3,1,1,1,0
43,T1027.007,Dynamic API Resolution,1,1,3,1,2,0
44,T1027.008,Stripped Payloads,1,3,1,0,1,0
45,T1027.009,Embedded Payloads,1,3,2,0,4,1
46,T1029,Scheduled Transfer,1,3,2,1,16,0
47,T1030,Data Transfer Size Limits,1,3,2,2,10,2
48,T1033,System Owner/User Discovery,1,3,9,28,147,7
49,T1036,Masquerading,1,4,9,17,27,0
50,T1036.001,Invalid Code Signature,1,2,1,2,5,1
51,T1036.002,Right-to-Left Override,1,3,1,5,0,0
52,T1036.003,Rename System Utilities,1,3,4,4,2,0
53,T1036.004,Masquerade Task or Service,1,3,5,18,46,2
54,T1036.005,Match Legitimate Name or Location,1,4,3,45,101,3
55,T1036.006,Space after Filename,1,2,1,0,1,0
56,T1036.007,Double File Extension,1,1,2,1,2,0
57,T1037,Boot or Logon Initialization Scripts,2,3,6,1,0,0
58,T1037.001,Logon Script (Windows),2,1,3,2,4,0
59,T1037.002,Login Hook,2,1,4,0,0,0
60,T1037.003,Network Logon Script,2,1,5,0,0,0
61,T1037.004,RC Scripts,2,2,4,0,4,0
62,T1037.005,Startup Items,2,1,4,0,1,0
63,T1039,Data from Network Shared Drive,1,3,5,7,4,0
64,T1040,Network Sniffing,2,5,2,6,5,5
65,T1041,Exfiltration Over C2 Channel,1,3,5,17,107,7
66,T1046,Network Service Discovery,1,6,3,20,21,7
67,T1047,Windows Management Instrumentation,1,1,3,27,59,7
68,T1048,Exfiltration Over Alternative Protocol,1,3,5,1,6,0
69,T1048.001,Exfiltration Over Symmetric Encrypted Non-C2 Protocol,1,3,5,0,0,0
70,T1048.002,Exfiltration Over Asymmetric Encrypted Non-C2 Protocol,1,3,5,3,0,1
71,T1048.003,Exfiltration Over Unencrypted Non-C2 Protocol,1,3,5,8,15,3
72,T1049,System Network Connections Discovery,1,5,3,25,45,9
73,T1052,Exfiltration Over Physical Medium,1,3,4,0,0,0
74,T1052.001,Exfiltration over USB,1,3,4,2,5,0
75,T1053,Scheduled Task/Job,3,4,6,1,3,0
76,T1053.001,At (Linux),3,1,0,0,0,0
77,T1053.002,At,3,3,4,3,1,2
78,T1053.003,Cron,3,2,4,2,10,0
79,T1053.005,Scheduled Task,3,1,5,42,79,8
80,T1053.006,Systemd Timers,3,1,4,0,0,0
81,T1053.007,Container Orchestration Job,3,1,3,0,0,0
82,T1055,Process Injection,2,3,7,8,42,9
83,T1055.001,Dynamic-link Library Injection,2,1,5,8,45,4
84,T1055.002,Portable Executable Injection,2,1,3,2,5,0
85,T1055.003,Thread Execution Hijacking,2,1,3,0,3,0
86,T1055.004,Asynchronous Procedure Call,2,1,3,1,8,0
87,T1055.005,Thread Local Storage,2,1,3,0,1,0
88,T1055.008,Ptrace System Calls,2,1,3,0,0,0
89,T1055.009,Proc Memory,2,1,1,0,0,0
90,T1055.011,Extra Window Memory Injection,2,1,1,0,2,0
91,T1055.012,Process Hollowing,2,1,3,5,23,0
92,T1055.013,Process Doppelg√§nging,2,1,2,1,2,0
93,T1055.014,VDSO Hijacking,2,1,2,0,0,0
94,T1055.015,ListPlanting,2,1,2,0,1,0
95,T1056,Input Capture,2,4,6,1,3,0
96,T1056.001,Keylogging,2,4,3,23,98,9
97,T1056.002,GUI Input Capture,2,3,3,1,8,1
98,T1056.003,Web Portal Capture,2,3,1,0,1,0
99,T1056.004,Credential API Hooking,2,1,2,1,9,1
100,T1057,Process Discovery,1,3,3,33,192,10
101,T1059,Command and Scripting Interpreter,1,4,5,14,15,3
102,T1059.001,PowerShell,1,1,5,64,82,10
103,T1059.002,AppleScript,1,1,3,0,4,0
104,T1059.003,Windows Command Shell,1,1,2,56,234,9
105,T1059.004,Unix Shell,1,2,2,3,28,0
106,T1059.005,Visual Basic,1,3,4,40,55,2
107,T1059.006,Python,1,3,2,13,20,5
108,T1059.007,JavaScript,1,3,4,18,20,1
109,T1059.008,Network Device CLI,1,1,1,0,0,0
110,T1068,Exploitation for Privilege Escalation,1,4,2,15,14,2
111,T1069,Permission Groups Discovery,1,9,5,4,5,1
112,T1069.001,Local Groups,1,3,4,6,14,4
113,T1069.002,Domain Groups,1,3,4,7,10,6
114,T1069.003,Cloud Groups,1,5,5,0,0,2
115,T1070,Indicator Removal,1,7,12,3,18,3
116,T1070.001,Clear Windows Event Logs,1,1,3,9,14,2
117,T1070.002,Clear Linux or Mac System Logs,1,2,3,2,2,0
118,T1070.003,Clear Command History,1,4,4,5,2,0
119,T1070.004,File Deletion,1,3,2,37,190,6
120,T1070.005,Network Share Connection Removal,1,1,4,1,2,1
121,T1070.006,Timestomp,1,3,2,10,32,1
122,T1070.007,Clear Network Connection History and Configurations,1,4,5,0,1,0
123,T1070.008,Clear Mailbox Data,1,5,4,1,1,0
124,T1070.009,Clear Persistence,1,3,7,0,8,1
125,T1071,Application Layer Protocol,1,3,2,4,8,0
126,T1071.001,Web Protocols,1,3,2,46,247,12
127,T1071.002,File Transfer Protocols,1,3,2,3,10,2
128,T1071.003,Mail Protocols,1,3,2,5,15,0
129,T1071.004,DNS,1,3,2,10,34,2
130,T1072,Software Deployment Tools,2,3,2,3,1,0
131,T1074,Data Staged,1,4,4,1,3,0
132,T1074.001,Local Data Staging,1,3,4,20,64,0
133,T1074.002,Remote Data Staging,1,4,3,9,1,0
134,T1078,Valid Accounts,4,10,3,34,6,0
135,T1078.001,Default Accounts,4,9,2,0,2,0
136,T1078.002,Domain Accounts,4,3,3,9,5,0
137,T1078.003,Local Accounts,4,4,3,9,4,0
138,T1078.004,Cloud Accounts,4,5,3,5,0,2
139,T1080,Taint Shared Content,1,5,4,3,7,0
140,T1082,System Information Discovery,1,5,3,40,281,10
141,T1083,File and Directory Discovery,1,4,3,37,224,13
142,T1087,Account Discovery,1,8,3,2,1,1
143,T1087.001,Local Account,1,3,5,12,31,6
144,T1087.002,Domain Account,1,3,5,16,12,8
145,T1087.003,Email Account,1,3,2,3,6,2
146,T1087.004,Cloud Account,1,5,1,1,0,2
147,T1090,Proxy,1,4,3,10,27,5
148,T1090.001,Internal Proxy,1,3,3,7,13,1
149,T1090.002,External Proxy,1,3,3,10,8,1
150,T1090.003,Multi-hop Proxy,1,4,3,5,13,1
151,T1090.004,Domain Fronting,1,3,1,1,2,2
152,T1091,Replication Through Removable Media,2,1,4,6,16,0
153,T1092,Communication Through Removable Media,1,3,2,1,2,0
154,T1095,Non-Application Layer Protocol,1,4,2,7,53,2
155,T1098,Account Manipulation,1,8,6,5,2,1
156,T1098.001,Additional Cloud Credentials,1,3,2,2,0,0
157,T1098.002,Additional Email Delegate Permissions,1,3,3,4,0,0
158,T1098.003,Additional Cloud Roles,1,5,1,2,0,0
159,T1098.004,SSH Authorized Keys,1,3,3,2,3,0
160,T1098.005,Device Registration,1,3,3,1,0,1
161,T1102,Web Service,1,3,3,13,15,0
162,T1102.001,Dead Drop Resolver,1,3,2,5,12,0
163,T1102.002,Bidirectional Communication,1,3,3,16,29,1
164,T1102.003,One-Way Communication,1,3,3,1,4,0
165,T1104,Multi-Stage Channels,1,3,2,4,5,0
166,T1105,Ingress Tool Transfer,1,3,4,70,310,18
167,T1106,Native API,1,3,2,14,127,7
168,T1110,Brute Force,1,10,3,11,5,2
169,T1110.001,Password Guessing,1,10,2,1,8,1
170,T1110.002,Password Cracking,1,6,2,4,1,0
171,T1110.003,Password Spraying,1,9,2,9,2,2
172,T1110.004,Credential Stuffing,1,9,2,1,1,0
173,T1111,Multi-Factor Authentication Interception,1,3,3,3,1,0
174,T1112,Modify Registry,1,1,6,19,105,8
175,T1113,Screen Capture,1,3,2,13,114,9
176,T1114,Email Collection,1,5,5,2,0,0
177,T1114.001,Local Email Collection,1,1,2,3,7,3
178,T1114.002,Remote Email Collection,1,3,3,12,3,1
179,T1114.003,Email Forwarding Rule,1,5,1,3,0,0
180,T1115,Clipboard Data,1,3,2,2,28,3
181,T1119,Automated Collection,1,5,3,15,30,5
182,T1120,Peripheral Device Discovery,1,3,3,8,35,0
183,T1123,Audio Capture,1,3,2,1,23,4
184,T1124,System Time Discovery,1,1,3,9,57,2
185,T1125,Video Capture,1,3,2,2,22,7
186,T1127,Trusted Developer Utilities Proxy Execution,1,1,2,0,0,0
187,T1127.001,MSBuild,1,1,2,0,1,1
188,T1129,Shared Modules,1,1,2,0,16,0
189,T1132,Data Encoding,1,3,1,0,4,1
190,T1132.001,Standard Encoding,1,3,1,10,79,1
191,T1132.002,Non-Standard Encoding,1,3,1,0,9,0
192,T1133,External Remote Services,2,4,5,20,4,0
193,T1134,Access Token Manipulation,2,1,6,2,11,4
194,T1134.001,Token Impersonation/Theft,2,1,2,2,10,2
195,T1134.002,Create Process with Token,2,1,2,2,8,2
196,T1134.003,Make and Impersonate Token,2,1,2,0,1,0
197,T1134.004,Parent PID Spoofing,2,1,3,0,3,0
198,T1134.005,SID-History Injection,2,1,3,0,0,2
199,T1135,Network Share Discovery,1,3,3,12,30,6
200,T1136,Create Account,1,7,3,2,0,0
201,T1136.001,Local Account,1,3,3,9,11,3
202,T1136.002,Domain Account,1,3,3,3,0,4
203,T1136.003,Cloud Account,1,5,1,2,0,1
204,T1137,Office Application Startup,1,2,8,2,0,0
205,T1137.001,Office Template Macros,1,2,6,1,2,0
206,T1137.002,Office Test,1,2,7,1,0,0
207,T1137.003,Outlook Forms,1,2,3,0,0,1
208,T1137.004,Outlook Home Page,1,2,3,1,0,1
209,T1137.005,Outlook Rules,1,2,3,0,0,1
210,T1137.006,Add-ins,1,2,6,1,1,0
211,T1140,Deobfuscate/Decode Files or Information,1,3,3,28,186,5
212,T1150,Plist Modification,3,1,0,0,0,0
213,T1162,Login Item,1,1,0,0,0,0
214,T1176,Browser Extensions,1,3,5,2,3,0
215,T1185,Browser Session Hijacking,1,1,3,0,11,0
216,T1187,Forced Authentication,1,1,5,2,1,0
217,T1189,Drive-by Compromise,1,4,5,27,7,0
218,T1190,Exploit Public-Facing Application,1,6,2,24,3,2
219,T1195,Supply Chain Compromise,1,3,2,0,0,0
220,T1195.001,Compromise Software Dependencies and Development Tools,1,3,1,0,1,0
221,T1195.002,Compromise Software Supply Chain,1,3,1,8,3,0
222,T1195.003,Compromise Hardware Supply Chain,1,3,1,0,0,0
223,T1197,BITS Jobs,2,1,4,4,7,1
224,T1199,Trusted Relationship,1,6,4,8,0,0
225,T1200,Hardware Additions,1,3,3,1,0,0
226,T1201,Password Policy Discovery,1,5,3,3,1,4
227,T1202,Indirect Command Execution,1,1,2,1,1,1
228,T1203,Exploitation for Client Execution,1,3,2,37,11,0
229,T1204,User Execution,1,5,11,1,0,0
230,T1204.001,Malicious Link,1,3,3,37,23,0
231,T1204.002,Malicious File,1,3,2,76,65,2
232,T1204.003,Malicious Image,1,2,7,1,0,0
233,T1205,Traffic Signaling,3,4,4,0,8,0
234,T1205.001,Port Knocking,3,4,2,1,0,0
235,T1205.002,Socket Filters,3,3,2,0,1,0
236,T1207,Rogue Domain Controller,1,1,4,0,0,1
237,T1210,Exploitation of Remote Services,1,3,2,10,11,2
238,T1211,Exploitation for Defense Evasion,1,3,2,1,0,0
239,T1212,Exploitation for Credential Access,1,3,3,0,0,0
240,T1213,Data from Information Repositories,1,7,2,6,1,0
241,T1213.001,Confluence,1,1,2,1,0,0
242,T1213.002,Sharepoint,1,2,2,4,0,1
243,T1213.003,Code Repositories,1,1,2,2,0,0
244,T1216,System Script Proxy Execution,1,1,3,0,0,0
245,T1216.001,PubPrn,1,1,3,1,0,0
246,T1217,Browser Bookmark Discovery,1,3,3,3,8,1
247,T1218,System Binary Proxy Execution,1,3,7,1,0,0
248,T1218.001,Compiled HTML File,1,1,3,5,1,0
249,T1218.002,Control Panel,1,1,6,1,2,0
250,T1218.003,CMSTP,1,1,3,2,0,0
251,T1218.004,InstallUtil,1,1,2,2,3,0
252,T1218.005,Mshta,1,1,4,15,8,1
253,T1218.007,Msiexec,1,1,4,5,15,1
254,T1218.008,Odbcconf,1,1,3,1,1,0
255,T1218.009,Regsvcs/Regasm,1,1,2,0,1,0
256,T1218.010,Regsvr32,1,1,4,11,17,1
257,T1218.011,Rundll32,1,1,4,21,57,2
258,T1218.012,Verclsid,1,1,2,0,1,0
259,T1218.013,Mavinject,1,1,2,0,0,0
260,T1218.014,MMC,1,1,3,0,0,0
261,T1219,Remote Access Software,1,3,4,12,6,0
262,T1220,XSL Script Processing,1,1,2,3,1,0
263,T1221,Template Injection,1,1,3,8,2,0
264,T1222,File and Directory Permissions Modification,1,3,4,0,0,0
265,T1222.001,Windows File and Directory Permissions Modification,1,1,4,1,7,0
266,T1222.002,Linux and Mac File and Directory Permissions Modification,1,2,3,3,8,0
267,T1480,Execution Guardrails,1,3,2,0,10,0
268,T1480.001,Environmental Keying,1,3,2,2,4,0
269,T1482,Domain Trust Discovery,1,1,5,5,3,7
270,T1484,Domain Policy Modification,2,2,4,0,0,0
271,T1484.001,Group Policy Modification,2,1,4,1,3,1
272,T1484.002,Domain Trust Modification,2,2,3,2,0,1
273,T1485,Data Destruction,1,4,9,5,16,2
274,T1486,Data Encrypted for Impact,1,4,6,5,37,0
275,T1489,Service Stop,1,3,7,3,25,0
276,T1490,Inhibit System Recovery,1,3,5,0,29,0
277,T1491,Defacement,1,4,4,0,0,0
278,T1491.001,Internal Defacement,1,3,4,2,2,0
279,T1491.002,External Defacement,1,4,4,1,0,0
280,T1495,Firmware Corruption,1,4,1,0,2,0
281,T1496,Resource Hijacking,1,5,6,4,7,1
282,T1497,Virtualization/Sandbox Evasion,2,3,3,1,16,0
283,T1497.001,System Checks,2,3,3,4,40,3
284,T1497.002,User Activity Based Checks,2,3,3,2,2,0
285,T1497.003,Time Based Evasion,2,3,3,0,35,0
286,T1498,Network Denial of Service,1,9,2,1,1,0
287,T1498.001,Direct Network Flood,1,8,2,0,0,0
288,T1498.002,Reflection Amplification,1,8,2,0,0,0
289,T1499,Endpoint Denial of Service,1,9,4,1,2,0
290,T1499.001,OS Exhaustion Flood,1,3,3,0,0,0
291,T1499.002,Service Exhaustion Flood,1,8,4,0,0,0
292,T1499.003,Application Exhaustion Flood,1,8,4,0,0,0
293,T1499.004,Application or System Exploitation,1,8,4,0,1,0
294,T1505,Server Software Component,1,4,6,0,0,0
295,T1505.001,SQL Stored Procedures,1,2,1,1,1,0
296,T1505.002,Transport Agent,1,2,2,0,1,0
297,T1505.003,Web Shell,1,4,6,22,6,0
298,T1505.004,IIS Components,1,1,3,0,3,0
299,T1505.005,Terminal Services DLL,1,1,5,0,0,0
300,T1518,Software Discovery,1,8,5,10,23,1
301,T1518.001,Security Software Discovery,1,8,5,18,79,4
302,T1525,Implant Internal Image,1,2,3,0,0,0
303,T1526,Cloud Service Discovery,1,5,1,0,0,2
304,T1528,Steal Application Access Token,1,5,1,1,0,2
305,T1529,System Shutdown/Reboot,1,4,3,3,10,0
306,T1530,Data from Cloud Storage,1,2,1,1,0,1
307,T1531,Account Access Removal,1,5,3,1,3,0
308,T1534,Internal Spearphishing,1,6,3,5,0,0
309,T1535,Unused/Unsupported Cloud Regions,1,1,2,0,0,0
310,T1537,Transfer Data to Cloud Account,1,1,7,0,0,0
311,T1538,Cloud Service Dashboard,1,4,2,0,0,0
312,T1539,Steal Web Session Cookie,1,6,2,2,8,0
313,T1542,Pre-OS Boot,2,4,6,0,0,0
314,T1542.001,System Firmware,2,1,1,0,3,0
315,T1542.002,Component Firmware,2,3,3,1,1,0
316,T1542.003,Bootkit,2,2,1,3,6,0
317,T1542.004,ROMMONkit,2,1,1,0,0,0
318,T1542.005,TFTP Boot,2,1,3,0,0,0
319,T1543,Create or Modify System Process,2,3,10,0,1,0
320,T1543.001,Launch Agent,2,1,5,0,18,0
321,T1543.002,Systemd Service,2,1,6,2,3,1
322,T1543.003,Windows Service,2,1,8,19,89,4
323,T1543.004,Launch Daemon,2,1,6,0,8,0
324,T1546,Event Triggered Execution,2,6,9,0,0,0
325,T1546.001,Change Default File Association,2,1,3,1,0,1
326,T1546.002,Screensaver,2,1,5,0,1,0
327,T1546.003,Windows Management Instrumentation Event Subscription,2,1,3,8,6,2
328,T1546.004,Unix Shell Configuration Modification,2,2,4,0,2,0
329,T1546.005,Trap,2,2,4,0,0,0
330,T1546.006,LC_LOAD_DYLIB Addition,2,1,5,0,0,0
331,T1546.007,Netsh Helper DLL,2,1,4,0,0,1
332,T1546.008,Accessibility Features,2,1,5,6,0,1
333,T1546.009,AppCert DLLs,2,1,5,0,1,0
334,T1546.010,AppInit DLLs,2,1,5,1,3,0
335,T1546.011,Application Shimming,2,1,5,1,3,0
336,T1546.012,Image File Execution Options Injection,2,1,3,1,2,0
337,T1546.013,PowerShell Profile,2,1,4,1,0,0
338,T1546.014,Emond,2,1,4,0,0,0
339,T1546.015,Component Object Model Hijacking,2,1,4,1,8,2
340,T1546.016,Installer Packages,2,3,3,0,1,0
341,T1547,Boot or Logon Autostart Execution,2,3,10,0,5,0
342,T1547.001,Registry Run Keys / Startup Folder,2,1,5,47,164,8
343,T1547.002,Authentication Package,2,1,3,0,1,0
344,T1547.003,Time Providers,2,1,4,0,0,0
345,T1547.004,Winlogon Helper DLL,2,1,3,3,6,0
346,T1547.005,Security Support Provider,2,1,3,0,0,3
347,T1547.006,Kernel Modules and Extensions,2,2,5,0,2,0
348,T1547.007,Re-opened Applications,2,1,2,0,0,0
349,T1547.008,LSASS Driver,2,1,4,0,2,0
350,T1547.009,Shortcut Modification,2,1,3,4,24,1
351,T1547.010,Port Monitors,2,1,4,0,0,0
352,T1547.011,Plist Modification,2,1,0,0,0,0
353,T1547.012,Print Processors,2,1,5,1,2,0
354,T1547.013,XDG Autostart Entries,2,1,4,0,2,0
355,T1547.014,Active Setup,2,1,4,0,1,0
356,T1547.015,Login Items,2,1,3,0,3,0
357,T1548,Abuse Elevation Control Mechanism,2,3,7,0,0,0
358,T1548.001,Setuid and Setgid,2,2,3,0,2,0
359,T1548.002,Bypass User Account Control,2,1,4,9,31,9
360,T1548.003,Sudo and Sudo Caching,2,2,4,0,3,0
361,T1548.004,Elevated Execution with Prompt,2,1,2,0,1,0
362,T1550,Use Alternate Authentication Material,2,6,5,2,1,0
363,T1550.001,Application Access Token,2,6,1,2,1,1
364,T1550.002,Pass the Hash,2,1,3,6,2,5
365,T1550.003,Pass the Ticket,2,1,3,3,1,2
366,T1550.004,Web Session Cookie,2,4,2,2,0,0
367,T1552,Unsecured Credentials,1,9,5,0,1,0
368,T1552.001,Credentials In Files,1,5,2,10,11,6
369,T1552.002,Credentials in Registry,1,1,3,1,4,2
370,T1552.003,Bash History,1,2,2,0,1,0
371,T1552.004,Private Keys,1,3,2,4,6,3
372,T1552.005,Cloud Instance Metadata API,1,1,1,1,1,1
373,T1552.006,Group Policy Preferences,1,1,2,1,0,2
374,T1552.007,Container API,1,1,2,0,0,1
375,T1553,Subvert Trust Controls,1,3,7,1,0,0
376,T1553.001,Gatekeeper Bypass,1,1,4,0,5,0
377,T1553.002,Code Signing,1,2,1,22,32,2
378,T1553.003,SIP and Trust Provider Hijacking,1,1,3,0,0,0
379,T1553.004,Install Root Certificate,1,3,4,0,3,1
380,T1553.005,Mark-of-the-Web Bypass,1,1,2,2,1,0
381,T1553.006,Code Signing Policy Modification,1,2,3,2,3,0
382,T1554,Compromise Client Software Binary,1,3,4,0,7,0
383,T1555,Credentials from Password Stores,1,3,5,11,12,5
384,T1555.001,Keychain,1,1,4,0,5,1
385,T1555.002,Securityd Memory,1,2,2,0,1,0
386,T1555.003,Credentials from Web Browsers,1,3,4,20,45,7
387,T1555.004,Windows Credential Manager,1,1,4,3,5,4
388,T1555.005,Password Managers,1,3,4,2,3,0
389,T1556,Modify Authentication Process,3,9,11,0,2,1
390,T1556.001,Domain Controller Authentication,3,1,4,1,1,0
391,T1556.002,Password Filter DLL,3,1,3,1,1,0
392,T1556.003,Pluggable Authentication Modules,3,2,2,0,2,0
393,T1556.004,Network Device Authentication,3,1,1,0,1,0
394,T1556.005,Reversible Encryption,3,1,4,0,0,0
395,T1556.006,Multi-Factor Authentication,3,8,4,0,0,1
396,T1556.007,Hybrid Identity,3,6,4,1,0,1
397,T1557,Adversary-in-the-Middle,2,4,5,1,1,0
398,T1557.001,LLMNR/NBT-NS Poisoning and SMB Relay,2,1,4,2,0,5
399,T1557.002,ARP Cache Poisoning,2,3,2,1,0,0
400,T1557.003,DHCP Spoofing,2,3,3,0,0,0
401,T1558,Steal or Forge Kerberos Tickets,1,3,4,0,0,0
402,T1558.001,Golden Ticket,1,1,2,1,0,2
403,T1558.002,Silver Ticket,1,1,1,0,0,3
404,T1558.003,Kerberoasting,1,1,1,4,0,4
405,T1558.004,AS-REP Roasting,1,1,1,0,0,0
406,T1559,Inter-Process Communication,1,3,4,0,2,0
407,T1559.001,Component Object Model,1,1,3,2,11,0
408,T1559.002,Dynamic Data Exchange,1,1,3,11,8,0
409,T1559.003,XPC Services,1,1,1,0,0,0
410,T1560,Archive Collected Data,1,3,4,10,34,3
411,T1560.001,Archive via Utility,1,3,3,26,20,3
412,T1560.002,Archive via Library,1,3,2,2,11,0
413,T1560.003,Archive via Custom Method,1,3,2,5,30,0
414,T1561,Disk Wipe,1,3,5,0,0,0
415,T1561.001,Disk Content Wipe,1,3,5,1,4,1
416,T1561.002,Disk Structure Wipe,1,3,5,4,6,1
417,T1562,Impair Defenses,1,7,13,1,1,0
418,T1562.001,Disable or Modify Tools,1,5,7,19,53,3
419,T1562.002,Disable Windows Event Logging,1,1,6,4,0,1
420,T1562.003,Impair Command History Logging,1,4,2,1,0,1
421,T1562.004,Disable or Modify System Firewall,1,3,4,11,17,1
422,T1562.006,Indicator Blocking,1,3,3,0,3,0
423,T1562.007,Disable or Modify Cloud Firewall,1,1,2,0,0,0
424,T1562.008,Disable Cloud Logs,1,1,2,0,0,0
425,T1562.009,Safe Mode Boot,1,1,4,0,1,0
426,T1562.010,Downgrade Attack,1,3,3,0,0,0
427,T1563,Remote Service Session Hijacking,1,3,5,0,0,0
428,T1563.001,SSH Hijacking,1,2,5,0,0,0
429,T1563.002,RDP Hijacking,1,1,5,1,1,0
430,T1564,Hide Artifacts,1,4,13,0,4,0
431,T1564.001,Hidden Files and Directories,1,3,4,7,35,2
432,T1564.002,Hidden Users,1,3,6,2,1,0
433,T1564.003,Hidden Window,1,3,4,13,18,4
434,T1564.004,NTFS File Attributes,1,1,4,1,11,2
435,T1564.005,Hidden File System,1,3,3,2,3,0
436,T1564.006,Run Virtual Instance,1,3,6,0,3,0
437,T1564.007,VBA Stomping,1,3,2,0,0,0
438,T1564.008,Email Hiding Rules,1,5,3,1,0,0
439,T1564.009,Resource Forking,1,1,4,0,2,0
440,T1564.010,Process Argument Spoofing,1,1,1,0,2,0
441,T1565,Data Manipulation,1,3,7,0,0,0
442,T1565.001,Stored Data Manipulation,1,3,3,1,1,0
443,T1565.002,Transmitted Data Manipulation,1,3,3,1,3,0
444,T1565.003,Runtime Data Manipulation,1,3,5,1,0,0
445,T1566,Phishing,1,6,4,2,1,0
446,T1566.001,Spearphishing Attachment,1,3,4,70,43,0
447,T1566.002,Spearphishing Link,1,6,3,39,20,1
448,T1566.003,Spearphishing via Service,1,3,3,9,0,0
449,T1567,Exfiltration Over Web Service,1,3,5,1,3,0
450,T1567.001,Exfiltration to Code Repository,1,3,4,0,0,1
451,T1567.002,Exfiltration to Cloud Storage,1,3,5,13,9,2
452,T1568,Dynamic Resolution,1,3,3,5,7,0
453,T1568.001,Fast Flux DNS,1,3,2,2,3,0
454,T1568.002,Domain Generation Algorithms,1,3,1,2,20,0
455,T1568.003,DNS Calculation,1,3,1,1,0,0
456,T1569,System Services,1,3,5,1,0,0
457,T1569.001,Launchctl,1,1,4,0,5,0
458,T1569.002,Service Execution,1,1,4,10,34,9
459,T1570,Lateral Tool Transfer,1,3,8,8,9,6
460,T1571,Non-Standard Port,1,3,2,12,24,1
461,T1572,Protocol Tunneling,1,3,3,6,11,1
462,T1573,Encrypted Channel,1,3,1,3,9,0
463,T1573.001,Symmetric Cryptography,1,3,1,11,121,2
464,T1573.002,Asymmetric Cryptography,1,3,1,5,45,6
465,T1574,Hijack Execution Flow,3,3,7,0,3,0
466,T1574.001,DLL Search Order Hijacking,3,1,3,9,18,2
467,T1574.002,DLL Side-Loading,3,1,4,20,28,0
468,T1574.004,Dylib Hijacking,3,1,3,0,0,1
469,T1574.005,Executable Installer File Permissions Weakness,3,1,5,0,0,0
470,T1574.006,Dynamic Linker Hijacking,3,2,5,2,4,0
471,T1574.007,Path Interception by PATH Environment Variable,3,1,3,0,0,2
472,T1574.008,Path Interception by Search Order Hijacking,3,1,3,0,0,2
473,T1574.009,Path Interception by Unquoted Path,3,1,3,0,0,2
474,T1574.010,Services File Permissions Weakness,3,1,4,0,1,0
475,T1574.011,Services Registry Permissions Weakness,3,1,4,0,0,0
476,T1574.012,COR_PROFILER,3,1,4,1,0,0
477,T1574.013,KernelCallbackTable,3,1,1,1,1,0
478,T1578,Modify Cloud Compute Infrastructure,1,1,14,0,0,0
479,T1578.001,Create Snapshot,1,1,2,0,0,0
480,T1578.002,Create Cloud Instance,1,1,2,1,0,0
481,T1578.003,Delete Cloud Instance,1,1,2,1,0,0
482,T1578.004,Revert Cloud Instance,1,1,4,0,0,0
483,T1580,Cloud Infrastructure Discovery,1,1,4,0,0,0
484,T1583,Acquire Infrastructure,1,1,5,0,0,0
485,T1583.001,Domains,1,1,3,28,0,0
486,T1583.002,DNS Server,1,1,0,2,0,0
487,T1583.003,Virtual Private Server,1,1,2,5,0,0
488,T1583.004,Server,1,1,2,5,0,0
489,T1583.005,Botnet,1,1,0,0,0,0
490,T1583.006,Web Services,1,1,1,16,0,0
491,T1583.007,Serverless,1,1,1,0,0,0
492,T1584,Compromise Infrastructure,1,1,5,0,0,0
493,T1584.001,Domains,1,1,3,8,0,0
494,T1584.002,DNS Server,1,1,2,0,0,0
495,T1584.003,Virtual Private Server,1,1,2,1,0,0
496,T1584.004,Server,1,1,2,6,0,0
497,T1584.005,Botnet,1,1,0,2,0,0
498,T1584.006,Web Services,1,1,1,2,0,0
499,T1584.007,Serverless,1,1,1,0,0,0
500,T1585,Establish Accounts,1,1,2,2,0,0
501,T1585.001,Social Media Accounts,1,1,2,10,0,0
502,T1585.002,Email Accounts,1,1,0,10,0,0
503,T1585.003,Cloud Accounts,1,1,0,0,0,0
504,T1586,Compromise Accounts,1,1,2,0,0,0
505,T1586.001,Social Media Accounts,1,1,2,1,0,0
506,T1586.002,Email Accounts,1,1,0,7,0,0
507,T1586.003,Cloud Accounts,1,1,0,0,0,0
508,T1587,Develop Capabilities,1,1,3,1,0,0
509,T1587.001,Malware,1,1,2,12,0,0
510,T1587.002,Code Signing Certificates,1,1,1,2,0,0
511,T1587.003,Digital Certificates,1,1,1,2,0,0
512,T1587.004,Exploits,1,1,0,0,0,0
513,T1588,Obtain Capabilities,1,1,4,0,0,0
514,T1588.001,Malware,1,1,2,9,0,0
515,T1588.002,Tool,1,1,1,59,0,0
516,T1588.003,Code Signing Certificates,1,1,1,4,1,0
517,T1588.004,Digital Certificates,1,1,2,3,0,0
518,T1588.005,Exploits,1,1,0,1,0,0
519,T1588.006,Vulnerabilities,1,1,0,1,0,0
520,T1589,Gather Victim Identity Information,1,1,1,4,0,0
521,T1589.001,Credentials,1,1,0,6,0,0
522,T1589.002,Email Addresses,1,1,1,12,0,1
523,T1589.003,Employee Names,1,1,0,3,0,0
524,T1590,Gather Victim Network Information,1,1,0,1,0,0
525,T1590.001,Domain Properties,1,1,0,1,0,1
526,T1590.002,DNS,1,1,0,0,0,0
527,T1590.003,Network Trust Dependencies,1,1,0,0,0,0
528,T1590.004,Network Topology,1,1,0,0,0,0
529,T1590.005,IP Addresses,1,1,0,2,0,0
530,T1590.006,Network Security Appliances,1,1,0,0,0,0
531,T1591,Gather Victim Org Information,1,1,0,2,0,0
532,T1591.001,Determine Physical Locations,1,1,0,0,0,0
533,T1591.002,Business Relationships,1,1,0,3,0,0
534,T1591.003,Identify Business Tempo,1,1,0,0,0,0
535,T1591.004,Identify Roles,1,1,0,3,0,0
536,T1592,Gather Victim Host Information,1,1,1,0,0,0
537,T1592.001,Hardware,1,1,1,0,0,0
538,T1592.002,Software,1,1,1,2,0,0
539,T1592.003,Firmware,1,1,0,0,0,0
540,T1592.004,Client Configurations,1,1,1,1,0,0
541,T1593,Search Open Websites/Domains,1,1,0,1,0,0
542,T1593.001,Social Media,1,1,0,3,0,0
543,T1593.002,Search Engines,1,1,0,1,0,0
544,T1593.003,Code Repositories,1,1,0,1,0,0
545,T1594,Search Victim-Owned Websites,1,1,1,4,0,0
546,T1595,Active Scanning,1,1,2,0,0,0
547,T1595.001,Scanning IP Blocks,1,1,1,1,0,0
548,T1595.002,Vulnerability Scanning,1,1,2,9,0,0
549,T1595.003,Wordlist Scanning,1,1,1,1,0,0
550,T1596,Search Open Technical Databases,1,1,0,0,0,0
551,T1596.001,DNS/Passive DNS,1,1,0,0,0,0
552,T1596.002,WHOIS,1,1,0,0,0,0
553,T1596.003,Digital Certificates,1,1,0,0,0,0
554,T1596.004,CDNs,1,1,0,0,0,0
555,T1596.005,Scan Databases,1,1,0,0,0,0
556,T1597,Search Closed Sources,1,1,0,1,0,0
557,T1597.001,Threat Intel Vendors,1,1,0,0,0,0
558,T1597.002,Purchase Technical Data,1,1,0,1,0,0
559,T1598,Phishing for Information,1,1,3,2,0,0
560,T1598.001,Spearphishing Service,1,1,3,0,0,0
561,T1598.002,Spearphishing Attachment,1,1,3,3,1,0
562,T1598.003,Spearphishing Link,1,1,3,8,1,1
563,T1599,Network Boundary Bridging,1,1,2,0,0,0
564,T1599.001,Network Address Translation Traversal,1,1,2,0,0,0
565,T1600,Weaken Encryption,1,1,1,0,0,0
566,T1600.001,Reduce Key Space,1,1,1,0,0,0
567,T1600.002,Disable Crypto Hardware,1,1,1,0,0,0
568,T1601,Modify System Image,1,1,1,0,0,0
569,T1601.001,Patch System Image,1,1,1,0,1,0
570,T1601.002,Downgrade System Image,1,1,1,0,0,0
571,T1602,Data from Configuration Repository,1,1,2,0,0,0
572,T1602.001,SNMP (MIB Dump),1,1,2,0,0,0
573,T1602.002,Network Device Configuration Dump,1,1,2,0,0,0
574,T1606,Forge Web Credentials,1,8,3,0,0,0
575,T1606.001,Web Cookies,1,5,2,2,0,0
576,T1606.002,SAML Tokens,1,6,5,2,0,1
577,T1608,Stage Capabilities,1,1,1,1,0,0
578,T1608.001,Upload Malware,1,1,1,14,0,0
579,T1608.002,Upload Tool,1,1,1,2,0,0
580,T1608.003,Install Digital Certificate,1,1,1,0,0,0
581,T1608.004,Drive-by Target,1,1,1,4,0,0
582,T1608.005,Link Target,1,1,1,1,0,0
583,T1608.006,SEO Poisoning,1,1,1,0,0,0
584,T1609,Container Administration Command,1,1,2,1,3,1
585,T1610,Deploy Container,2,1,5,1,2,1
586,T1611,Escape to Host,1,3,5,1,3,1
587,T1612,Build Image on Host,1,1,4,0,0,0
588,T1613,Container and Resource Discovery,1,1,2,1,1,1
589,T1614,System Location Discovery,1,4,3,1,7,1
590,T1614.001,System Language Discovery,1,3,4,2,20,0
591,T1615,Group Policy Discovery,1,1,5,1,1,2
592,T1619,Cloud Storage Object Discovery,1,1,2,0,0,1
593,T1620,Reflective Code Loading,1,3,3,1,7,2
594,T1621,Multi-Factor Authentication Request Generation,1,8,4,2,0,0
595,T1622,Debugger Evasion,2,3,4,0,5,0
596,T1647,Plist File Modification,1,1,3,0,1,0
597,T1648,Serverless Execution,1,3,2,0,0,0
598,T1649,Steal or Forge Authentication Certificates,1,4,7,1,0,2
